{"loss": 0.18859127163887024, "psnr": 7.420833333333332, "_timestamp": 1686668040.6031697, "_runtime": 61.67893075942993, "_step": 65, "_wandb": {"runtime": 60}}