{"loss": 3.238512363168411e-05, "psnr": 44.93166666666666, "pred": {"_type": "video-file", "sha256": "d026cfdf656578bfbc26fe3a4ab99e87a893e1722b0309815ceab044b5afac39", "size": 214211, "path": "media/videos/pred_19_d026cfdf656578bfbc26.mp4", "width": 2560, "height": 1280}, "gt": {"_type": "video-file", "sha256": "724b1b4318b7fdda514d23c6ce08b70e341e0c76d759a27d1bb147f5574a53fc", "size": 304147, "path": "media/videos/gt_19_724b1b4318b7fdda514d.mp4", "width": 2560, "height": 1280}, "_timestamp": 1687197565.1269898, "_runtime": 66.70357775688171, "_step": 19, "_wandb": {"runtime": 65}}