{"loss": 0.00012503955804277211, "psnr": 39.03833333333334, "pred": {"_type": "video-file", "sha256": "69f854cef1e88a5abe24694628a38e68dae009de14c94a40dc37ce6ab4d6661c", "size": 658876, "path": "media/videos/pred_19_69f854cef1e88a5abe24.mp4", "width": 2560, "height": 1280}, "gt": {"_type": "video-file", "sha256": "6c348345d0ac9a0c79643c432c43d5b39de9759c2dd87929943690f7a7b9bb0e", "size": 736865, "path": "media/videos/gt_19_6c348345d0ac9a0c7964.mp4", "width": 2560, "height": 1280}, "_timestamp": 1687233164.7751873, "_runtime": 68.97715926170349, "_step": 19, "_wandb": {"runtime": 68}}