{"loss": 5.4649502999382094e-05, "psnr": 42.65, "_timestamp": 1687194172.4448147, "_runtime": 14691.9623837471, "_step": 8046, "pred": {"_type": "video-file", "sha256": "106a47d045b76bf95fc7bb520b4adf36c88074655a7a3c514e508a4522781c4c", "size": 265179, "path": "media/videos/pred_8039_106a47d045b76bf95fc7.mp4", "width": 2560, "height": 1280}, "gt": {"_type": "video-file", "sha256": "4be8d24ae52e7944488b8b8cf414347f5f10f72722320a75fc5b169b49769d41", "size": 346850, "path": "media/videos/gt_8039_4be8d24ae52e7944488b.mp4", "width": 2560, "height": 1280}, "_wandb": {"runtime": 14692}}