{"loss": 0.00016117232735268772, "psnr": 37.94500000000001, "_timestamp": 1687214279.3202097, "_runtime": 14566.670661687851, "_step": 8059, "pred": {"_type": "video-file", "sha256": "f702145a638643856390f2922f30c4f4fd7494dc5dd0e89bb1ff9c86119801d2", "size": 612781, "path": "media/videos/pred_8039_f702145a638643856390.mp4", "width": 2560, "height": 1280}, "gt": {"_type": "video-file", "sha256": "0504d371bd0facf291e3c50628e814d3905bb073c22f323057657c6a0d5147a1", "size": 584482, "path": "media/videos/gt_8039_0504d371bd0facf291e3.mp4", "width": 2560, "height": 1280}, "_wandb": {"runtime": 14565}}