{"loss": 0.1339097023010254, "psnr": 8.733333333333333, "_timestamp": 1686995444.0045693, "_runtime": 16.010284185409546, "_step": 0, "_wandb": {"runtime": 15}}