{"loss": 0.08141250163316727, "psnr": 11.058833333333336, "_timestamp": 1686671877.6635482, "_runtime": 840.093513250351, "_step": 1036, "_wandb": {"runtime": 839}}