{"loss": 0.8092346787452698, "psnr": 12.781499999999996, "_timestamp": 1686667567.5810695, "_runtime": 611.0288515090942, "_step": 690, "_wandb": {"runtime": 610}}